"idx","Height","Lenght","Area","Eccen","P_black","P_and","Mean_tr","Blackpix","Blackand","Wb_trans","Class"
4852,197,198,39006,1.005,0.273,0.332,46.93,10654,12964,227,"positive"
3994,6,13,78,2.167,0.346,0.846,2.7,27,66,10,"negative"
3327,8,12,96,1.5,0.396,0.844,2.11,38,81,18,"negative"
3052,7,20,140,2.857,0.464,0.9,2.71,65,126,24,"negative"
3845,10,83,830,8.3,0.208,0.667,1.44,173,554,120,"negative"
3139,8,9,72,1.125,0.361,0.903,1.63,26,65,16,"negative"
3240,8,9,72,1.125,0.375,0.986,2.08,27,71,13,"negative"
2770,8,10,80,1.25,0.375,0.85,1.88,30,68,16,"negative"
2070,7,21,147,3,0.259,0.837,1.46,38,123,26,"negative"
2465,4,11,44,2.75,0.159,0.932,1.75,7,41,4,"positive"
597,9,82,738,9.111,0.309,0.778,1.93,228,574,118,"negative"
917,8,43,344,5.375,0.494,0.953,3.4,170,328,50,"negative"
3757,9,207,1863,23,0.177,0.632,1.29,330,1178,255,"negative"
477,9,41,369,4.556,0.444,0.976,2.88,164,360,57,"negative"
4223,7,70,490,10,0.535,0.971,3.23,262,476,81,"negative"
2997,8,12,96,1.5,0.531,0.813,2.83,51,78,18,"negative"
4114,5,10,50,2,0.28,0.74,7,14,37,2,"negative"
884,8,53,424,6.625,0.33,0.894,1.63,140,379,86,"negative"
786,9,64,576,7.111,0.307,0.842,1.99,177,485,89,"negative"
4200,12,45,540,3.75,0.467,0.694,6.63,252,375,38,"negative"
3748,8,186,1488,23.25,0.399,0.812,2.53,593,1208,234,"negative"
5133,105,2,210,0.019,0.529,0.533,111,111,112,1,"positive"
2421,9,91,819,10.111,0.32,0.773,2.2,262,633,119,"negative"
4019,9,186,1674,20.667,0.16,0.814,1.26,268,1363,213,"negative"
5338,7,346,2422,49.429,0.167,0.707,1.19,404,1712,339,"negative"
329,11,85,935,7.727,0.25,0.664,1.73,234,621,135,"negative"
4197,7,7,49,1,0.918,0.959,22.5,45,47,2,"negative"
3808,13,38,494,2.923,0.285,0.907,3.62,141,448,39,"negative"
1012,13,151,1963,11.615,0.302,0.726,2.59,593,1425,229,"negative"
3824,9,249,2241,27.667,0.301,0.739,1.96,674,1655,344,"negative"
3095,10,25,250,2.5,0.34,0.816,1.89,85,204,45,"negative"
4270,9,82,738,9.111,0.335,0.73,2.47,247,539,100,"negative"
1460,7,14,98,2,0.357,0.959,1.84,35,94,19,"negative"
4649,16,309,4944,19.313,0.382,0.549,5.38,1890,2713,351,"negative"
4992,9,9,81,1,0.321,0.395,13,26,32,2,"negative"
513,12,85,1020,7.083,0.305,0.828,1.94,311,845,160,"negative"
5397,11,11,121,1,0.455,0.876,4.23,55,106,13,"negative"
2728,8,22,176,2.75,0.403,1,2.03,71,176,35,"negative"
2289,6,20,120,3.333,0.367,0.967,1.38,44,116,32,"negative"
4831,7,110,770,15.714,0.174,0.447,1.25,134,344,107,"negative"
2457,10,33,330,3.3,0.318,0.758,2.33,105,250,45,"negative"
5233,9,18,162,2,0.309,0.901,2.63,50,146,19,"negative"
3339,10,212,2120,21.2,0.24,0.61,1.85,508,1293,274,"negative"
18,5,19,95,3.8,0.232,0.4,5.5,22,38,4,"negative"
5047,7,12,84,1.714,0.25,0.524,1.75,21,44,12,"negative"
2240,7,11,77,1.571,0.234,0.675,1.29,18,52,14,"negative"
2885,20,39,780,1.95,0.14,0.405,3.21,109,316,34,"positive"
5295,9,134,1206,14.889,0.216,0.68,1.65,260,820,158,"negative"
5268,7,18,126,2.571,0.167,0.437,2.63,21,55,8,"negative"
3616,8,508,4064,63.5,0.092,0.393,1.28,372,1599,290,"negative"
1915,7,21,147,3,0.333,0.789,1.4,49,116,35,"negative"
4278,10,10,100,1,0.46,0.46,46,46,46,1,"negative"
2330,10,33,330,3.3,0.321,0.852,2.47,106,281,43,"negative"
5331,7,123,861,17.571,0.139,0.674,1.26,120,580,95,"negative"
391,11,8,88,0.727,0.25,1,2.44,22,88,9,"negative"
3150,6,10,60,1.667,0.483,0.933,2.07,29,56,14,"negative"
3888,9,111,999,12.333,0.218,0.81,1.7,218,809,128,"negative"
278,8,75,600,9.375,0.415,0.91,2.37,249,546,105,"negative"
5230,14,409,5726,29.214,0.172,0.578,1.79,984,3307,551,"negative"
2006,4,20,80,5,0.388,0.925,1.41,31,74,22,"negative"
4305,8,63,504,7.875,0.435,0.843,2.41,219,425,91,"negative"
5169,8,42,336,5.25,0.259,0.756,1.74,87,254,50,"negative"
3112,8,39,312,4.875,0.423,0.955,1.83,132,298,72,"negative"
1894,7,21,147,3,0.327,0.912,1.71,48,134,28,"negative"
2170,9,20,180,2.222,0.261,0.617,1.68,47,111,28,"negative"
4709,77,271,20867,3.519,0.478,0.744,11.28,9981,15523,885,"negative"
354,10,122,1220,12.2,0.273,0.54,2.03,333,659,164,"negative"
3081,8,92,736,11.5,0.359,0.913,1.75,264,672,151,"negative"
737,9,130,1170,14.444,0.513,0.925,2.86,600,1082,210,"negative"
2689,8,16,128,2,0.438,0.891,2.67,56,114,21,"negative"
1539,6,19,114,3.167,0.254,0.956,1.16,29,109,25,"negative"
1844,6,6,36,1,0.361,1,1.44,13,36,9,"negative"
417,9,39,351,4.333,0.293,0.937,2.06,103,329,50,"negative"
409,9,47,423,5.222,0.333,0.757,2.39,141,320,59,"negative"
2361,8,19,152,2.375,0.388,1,1.74,59,152,34,"negative"
1141,6,29,174,4.833,0.356,0.684,1.88,62,119,33,"negative"
491,11,8,88,0.727,0.602,1,4.08,53,88,13,"negative"
4936,6,96,576,16,0.267,0.939,1.51,154,541,102,"negative"
5408,10,1,10,0.1,1,1,10,10,10,1,"positive"
4741,9,80,720,8.889,0.304,0.838,1.8,219,603,122,"negative"
1007,13,409,5317,31.462,0.267,0.582,2.23,1421,3095,637,"negative"
5293,1,22,22,22,0.591,1,2.6,13,22,5,"negative"
3320,8,24,192,3,0.385,0.969,1.8,74,186,41,"negative"
1491,8,126,1008,15.75,0.188,0.685,1.27,189,690,149,"negative"
2835,10,7,70,0.7,0.357,0.871,2.08,25,61,12,"negative"
2715,8,8,64,1,0.344,0.922,1.83,22,59,12,"negative"
5282,1,161,161,161,0.41,1,1.02,66,161,65,"positive"
2909,8,43,344,5.375,0.387,0.762,1.93,133,262,69,"negative"
3043,10,16,160,1.6,0.3,1,1.85,48,160,26,"negative"
2193,7,10,70,1.429,0.329,0.814,1.28,23,57,18,"negative"
2284,7,13,91,1.857,0.275,0.824,1.32,25,75,19,"negative"
5196,1,283,283,283,0.993,1,140.5,281,283,2,"positive"
1872,8,20,160,2.5,0.206,0.813,1.38,33,130,24,"negative"
1819,7,15,105,2.143,0.229,0.886,1.6,24,93,15,"negative"
445,10,22,220,2.2,0.336,0.836,2.74,74,184,27,"negative"
4313,25,169,4225,6.76,0.215,0.947,1.57,907,4000,579,"positive"
1508,5,15,75,3,0.4,0.947,1.67,30,71,18,"negative"
1082,9,71,639,7.889,0.39,0.768,2.44,249,491,102,"negative"
554,10,130,1300,13,0.486,0.856,3.18,632,1113,199,"negative"
3921,8,148,1184,18.5,0.196,0.718,1.28,232,850,181,"negative"
4295,10,19,190,1.9,0.584,0.842,6.94,111,160,16,"negative"
55,9,34,306,3.778,0.32,0.886,1.56,98,271,63,"negative"
2079,7,19,133,2.714,0.331,0.729,1.69,44,97,26,"negative"
3210,7,25,175,3.571,0.434,1,1.81,76,175,42,"negative"
5110,7,65,455,9.286,0.407,0.895,2.18,185,407,85,"negative"
1699,9,56,504,6.222,0.196,0.617,1.24,99,311,80,"negative"
1319,85,69,5865,0.812,0.165,0.441,1.44,969,2588,674,"positive"
4042,25,292,7300,11.68,0.45,0.914,7.23,3283,6670,454,"negative"
795,9,64,576,7.111,0.302,0.92,1.98,174,530,88,"negative"
725,8,44,352,5.5,0.486,0.952,2.95,171,335,58,"negative"
2867,6,146,876,24.333,0.325,0.691,1.83,285,605,156,"negative"
165,8,23,184,2.875,0.288,1,1.47,53,184,36,"negative"
4011,6,81,486,13.5,0.282,0.852,1.26,137,414,109,"negative"
4661,16,424,6784,26.5,0.371,0.719,5.16,2518,4879,488,"negative"
1174,6,184,1104,30.667,0.323,0.752,1.99,357,830,179,"negative"
2961,8,32,256,4,0.375,0.801,2.04,96,205,47,"negative"
2930,5,15,75,3,0.507,0.787,3.17,38,59,12,"negative"
5031,8,48,384,6,0.396,0.924,2.03,152,355,75,"negative"
3733,24,178,4272,7.417,0.483,0.933,8,2063,3987,258,"negative"
263,9,12,108,1.333,0.407,0.88,1.69,44,95,26,"negative"
1396,8,1,8,0.125,0.875,1,7,7,8,1,"positive"
1236,10,249,2490,24.9,0.462,0.842,3.53,1151,2097,326,"negative"
2301,8,20,160,2.5,0.375,0.725,1.88,60,116,32,"negative"
2239,8,8,64,1,0.234,0.953,2.5,15,61,6,"negative"
2372,8,36,288,4.5,0.458,0.958,2.06,132,276,64,"negative"
303,1,19,19,19,0.789,1,3.75,15,19,4,"positive"
732,15,300,4500,20,0.252,0.576,2.36,1136,2594,481,"negative"
5100,7,6,42,0.857,0.286,0.857,1.71,12,36,7,"negative"
2548,10,271,2710,27.1,0.239,0.615,1.94,647,1668,333,"negative"
2642,8,12,96,1.5,0.469,0.948,2.14,45,91,21,"negative"
2453,6,5,30,0.833,0.367,1,2.2,11,30,5,"positive"
3719,10,336,3360,33.6,0.163,0.623,1.32,549,2094,415,"negative"
1527,5,43,215,8.6,0.233,0.8,1.35,50,172,37,"negative"
2447,10,27,270,2.7,0.367,0.744,2.02,99,201,49,"negative"
1029,7,1,7,0.143,1,1,7,7,7,1,"positive"
4337,11,167,1837,15.182,0.371,0.8,2.86,681,1470,238,"negative"
3450,9,111,999,12.333,0.188,0.769,1.49,188,768,126,"negative"
680,9,92,828,10.222,0.35,0.917,2.07,290,759,140,"negative"
1432,11,271,2981,24.636,0.162,0.542,1.36,483,1616,355,"negative"
2921,10,10,100,1,0.35,0.89,1.94,35,89,18,"negative"
723,9,47,423,5.222,0.286,0.738,1.95,121,312,62,"negative"
2947,7,20,140,2.857,0.421,0.829,2.46,59,116,24,"negative"
626,8,8,64,1,0.25,0.672,1.6,16,43,10,"negative"
4883,9,333,2997,37,0.237,0.671,1.57,711,2011,452,"negative"
4976,37,1,37,0.027,1,1,37,37,37,1,"positive"
1103,10,124,1240,12.4,0.473,0.814,3.43,587,1009,171,"negative"
76,10,34,340,3.4,0.297,0.885,1.71,101,301,59,"negative"
3456,9,179,1611,19.889,0.341,0.745,2.4,550,1200,229,"negative"
4071,7,13,91,1.857,0.275,0.758,2.27,25,69,11,"negative"
1959,7,14,98,2,0.265,0.827,1.18,26,81,22,"negative"
5191,22,20,440,0.909,0.28,0.57,5.35,123,251,23,"negative"
4241,10,259,2590,25.9,0.351,0.779,2.51,908,2018,362,"negative"
2129,5,13,65,2.6,0.431,0.923,1.87,28,60,15,"negative"
4809,17,11,187,0.647,0.417,0.647,9.75,78,121,8,"negative"
3935,9,180,1620,20,0.16,0.523,1.39,259,847,186,"negative"
1969,7,20,140,2.857,0.329,1,1.48,46,140,31,"negative"
3028,5,23,115,4.6,0.504,0.783,2.42,58,90,24,"negative"
4772,6,184,1104,30.667,0.272,0.697,1.54,300,770,195,"negative"
1387,10,271,2710,27.1,0.188,0.665,1.31,509,1803,388,"negative"
3713,7,86,602,12.286,0.244,0.831,1.27,147,500,116,"negative"
992,11,71,781,6.455,0.37,0.726,2.41,289,567,120,"negative"
4265,8,68,544,8.5,0.54,0.974,3.03,294,530,97,"negative"
3853,8,15,120,1.875,0.317,0.742,2,38,89,19,"negative"
5151,8,85,680,10.625,0.238,0.687,1.46,162,467,111,"negative"
4851,5,17,85,3.4,0.376,0.741,2.91,32,63,11,"negative"
452,12,101,1212,8.417,0.292,0.792,1.99,354,960,178,"negative"
3069,6,12,72,2,0.375,0.958,1.93,27,69,14,"negative"
1957,9,28,252,3.111,0.25,0.77,1.47,63,194,43,"negative"
337,9,93,837,10.333,0.323,0.888,2.06,270,743,131,"negative"
4047,29,32,928,1.103,0.432,0.689,6.27,401,639,64,"positive"
4315,10,155,1550,15.5,0.314,0.631,2.64,486,978,184,"negative"
4520,3,4,12,1.333,0.75,0.75,9,9,9,1,"negative"
4363,10,155,1550,15.5,0.329,0.601,2.88,510,931,177,"negative"
4764,24,510,12240,21.25,0.846,0.927,38.65,10359,11341,268,"positive"
1630,7,49,343,7,0.318,0.735,1.54,109,252,71,"negative"
2260,6,5,30,0.833,0.333,0.833,1.67,10,25,6,"negative"
4804,8,192,1536,24,0.207,0.579,1.57,318,889,203,"negative"
1547,9,16,144,1.778,0.16,0.5,1.92,23,72,12,"negative"
1459,7,17,119,2.429,0.328,0.731,1.44,39,87,27,"negative"
3813,25,294,7350,11.76,0.471,0.907,7.72,3459,6663,448,"negative"
1791,5,6,30,1.2,0.3,1,1.8,9,30,5,"negative"
3330,10,36,360,3.6,0.264,0.711,1.86,95,256,51,"negative"
244,8,20,160,2.5,0.525,0.938,3.5,84,150,24,"negative"
3084,10,18,180,1.8,0.311,0.706,1.93,56,127,29,"negative"
5069,6,39,234,6.5,0.226,0.705,1.66,53,165,32,"negative"
2610,11,13,143,1.182,0.35,0.783,2.08,50,112,24,"negative"
5173,5,6,30,1.2,0.433,1,1.63,13,30,8,"negative"
134,1,12,12,12,0.583,1,3.5,7,12,2,"negative"
1057,12,89,1068,7.417,0.429,0.879,3.5,458,939,131,"negative"
4171,12,71,852,5.917,0.481,0.757,5.86,410,645,70,"negative"
189,9,34,306,3.778,0.379,0.961,1.71,116,294,68,"negative"
733,6,35,210,5.833,0.533,0.943,2.67,112,198,42,"negative"
3563,9,508,4572,56.444,0.188,0.597,1.49,861,2731,579,"negative"
4577,1,28,28,28,0.464,1,2.17,13,28,6,"positive"
3142,8,16,128,2,0.359,0.781,2,46,100,23,"negative"
3787,8,199,1592,24.875,0.115,0.575,1.18,183,915,155,"negative"
3765,7,175,1225,25,0.186,0.906,1.21,228,1110,188,"negative"
676,9,21,189,2.333,0.317,0.778,2.61,60,147,23,"negative"
993,10,108,1080,10.8,0.297,0.831,1.84,321,897,174,"negative"
3109,8,19,152,2.375,0.395,0.704,1.94,60,107,31,"negative"
4869,7,133,931,19,0.211,0.559,1.75,196,520,112,"negative"
1191,11,34,374,3.091,0.364,0.642,2.78,136,240,49,"negative"
1824,7,40,280,5.714,0.336,0.782,1.47,94,219,64,"negative"
2766,8,45,360,5.625,0.367,0.783,1.89,132,282,70,"negative"
2238,7,40,280,5.714,0.339,0.936,1.44,95,262,66,"negative"
2144,7,44,308,6.286,0.169,0.455,1.58,52,140,33,"negative"
1659,9,49,441,5.444,0.265,0.744,1.6,117,328,73,"negative"
4111,1,22,22,22,0.955,1,21,21,22,1,"positive"
4198,9,8,72,0.889,0.583,0.972,21,42,70,2,"negative"
4575,8,82,656,10.25,0.412,0.803,2.78,270,527,97,"negative"
3079,8,33,264,4.125,0.371,0.795,1.92,98,210,51,"negative"
1644,7,33,231,4.714,0.299,0.848,1.44,69,196,48,"negative"
3855,10,510,5100,51,0.162,0.537,1.47,827,2741,564,"negative"
970,9,34,306,3.778,0.366,0.846,2.38,112,259,47,"negative"
2292,5,4,20,0.8,0.45,0.75,2.25,9,15,4,"negative"
4050,8,180,1440,22.5,0.371,0.832,2.32,534,1198,230,"negative"
1888,6,13,78,2.167,0.269,0.667,1.5,21,52,14,"negative"
2593,8,16,128,2,0.453,0.68,2.9,58,87,20,"negative"
2743,8,7,56,0.875,0.429,1,2.18,24,56,11,"negative"
943,9,93,837,10.333,0.259,0.895,1.74,217,749,125,"negative"
4810,10,141,1410,14.1,0.236,0.645,2.25,333,910,148,"negative"
5402,2,22,44,11,0.477,1,21,21,44,1,"positive"
5099,16,106,1696,6.625,0.192,0.593,1.49,325,1005,218,"negative"
5152,5,27,135,5.4,0.267,0.622,1.71,36,84,21,"negative"
240,10,21,210,2.1,0.324,0.6,3.4,68,126,20,"negative"
3359,8,9,72,1.125,0.278,0.5,2.86,20,36,7,"negative"
4184,6,13,78,2.167,0.346,0.577,3.38,27,45,8,"negative"
2786,10,25,250,2.5,0.328,0.828,2.05,82,207,40,"negative"
4689,15,268,4020,17.867,0.413,0.731,5.1,1661,2940,326,"negative"
536,9,32,288,3.556,0.382,0.792,2.16,110,228,51,"negative"
3555,5,4,20,0.8,0.45,0.45,9,9,9,1,"negative"
5006,7,119,833,17,0.285,0.872,1.5,237,726,158,"negative"
5205,14,412,5768,29.429,0.179,0.671,1.59,1032,3869,651,"negative"
3614,9,534,4806,59.333,0.163,0.633,1.34,784,3043,585,"negative"
2481,9,4,36,0.444,0.472,0.861,5.67,17,31,3,"negative"
5375,25,153,3825,6.12,0.255,0.611,2.08,977,2338,470,"negative"
167,9,96,864,10.667,0.281,0.815,1.96,243,704,124,"negative"
985,3,54,162,18,0.364,0.519,8.43,59,84,7,"positive"
743,1,17,17,17,0.765,1,6.5,13,17,2,"positive"
649,7,31,217,4.429,0.221,0.853,1.78,48,185,27,"negative"
1960,6,11,66,1.833,0.364,0.833,1.6,24,55,15,"negative"
5087,8,117,936,14.625,0.201,0.698,1.45,188,653,130,"negative"
5157,6,40,240,6.667,0.221,0.621,1.43,53,149,37,"negative"
3235,5,8,40,1.6,0.675,0.975,3,27,39,9,"negative"
4666,1,9,9,9,1,1,9,9,9,1,"negative"
1495,6,69,414,11.5,0.28,0.744,1.4,116,308,83,"negative"
432,4,115,460,28.75,0.426,0.487,17.82,196,224,11,"positive"
4825,17,22,374,1.294,0.321,0.406,8.57,120,152,14,"negative"
2969,8,32,256,4,0.395,0.773,2.1,101,198,48,"negative"
3332,6,7,42,1.167,0.452,0.833,2.11,19,35,9,"negative"
3429,8,25,200,3.125,0.355,0.88,1.73,71,176,41,"negative"
2740,10,52,520,5.2,0.319,0.802,1.87,166,417,89,"negative"
2202,8,17,136,2.125,0.228,0.882,1.24,31,120,25,"negative"
4576,10,155,1550,15.5,0.332,0.687,2.47,514,1065,208,"negative"
3094,8,15,120,1.875,0.458,0.908,2.5,55,109,22,"negative"
366,10,24,240,2.4,0.267,0.821,2.06,64,197,31,"negative"
512,10,53,530,5.3,0.343,0.811,2,182,430,91,"negative"
2387,10,29,290,2.9,0.383,0.834,2.47,111,242,45,"negative"
1470,8,71,568,8.875,0.136,0.384,1.31,77,218,59,"negative"
1648,7,8,56,1.143,0.286,0.732,1.78,16,41,9,"negative"
5351,28,45,1260,1.607,0.368,0.54,7.86,464,680,59,"negative"
3544,6,4,24,0.667,0.417,0.583,5,10,14,2,"negative"
5465,1,20,20,20,0.85,1,8.5,17,20,2,"positive"
4496,13,267,3471,20.538,0.401,0.662,4.87,1392,2299,286,"negative"
4720,9,171,1539,19,0.4,0.778,2.87,615,1198,214,"negative"
1994,6,14,84,2.333,0.286,1,1.2,24,84,20,"negative"
3057,10,33,330,3.3,0.342,0.927,1.66,113,306,68,"negative"
2346,8,10,80,1.25,0.45,0.988,1.71,36,79,21,"negative"
2938,8,39,312,4.875,0.378,0.962,1.64,118,300,72,"negative"
2474,10,59,590,5.9,0.269,0.69,1.81,159,407,88,"negative"
1774,6,10,60,1.667,0.333,0.75,1.54,20,45,13,"negative"
2850,7,35,245,5,0.339,0.833,1.93,83,204,43,"negative"
1510,5,34,170,6.8,0.224,0.606,1.31,38,103,29,"negative"
530,10,65,650,6.5,0.475,0.971,2.76,309,631,112,"negative"
4371,10,170,1700,17,0.499,0.928,4.35,849,1577,195,"negative"
699,10,46,460,4.6,0.363,0.843,2.01,167,388,83,"negative"
2758,10,54,540,5.4,0.319,0.824,1.83,172,445,94,"negative"
5237,11,357,3927,32.455,0.215,0.823,1.55,845,3232,546,"negative"
158,9,36,324,4,0.54,0.929,2.87,175,301,61,"negative"
2313,8,8,64,1,0.516,1,2.54,33,64,13,"negative"
3136,10,41,410,4.1,0.278,0.632,1.93,114,259,59,"negative"
3472,9,304,2736,33.778,0.202,0.749,1.32,554,2049,419,"negative"
1683,7,41,287,5.857,0.345,0.777,1.55,99,223,64,"negative"
4441,10,327,3270,32.7,0.379,0.767,2.75,1239,2508,450,"negative"
4536,9,249,2241,27.667,0.346,0.77,2.54,776,1725,306,"negative"
1940,7,4,28,0.571,0.25,0.857,1.75,7,24,4,"negative"
2495,6,6,36,1,0.528,0.917,3.17,19,33,6,"negative"
2135,7,23,161,3.286,0.329,0.938,1.39,53,151,38,"negative"
1266,9,71,639,7.889,0.294,0.762,2.16,188,487,87,"negative"
3875,8,114,912,14.25,0.116,0.408,1.45,106,372,73,"negative"
4455,14,433,6062,30.929,0.355,0.572,4.44,2152,3467,485,"negative"
4664,7,54,378,7.714,0.497,0.849,3.42,188,321,55,"negative"
3428,7,12,84,1.714,0.405,0.988,1.62,34,83,21,"negative"
2171,6,14,84,2.333,0.298,0.619,1.79,25,52,14,"negative"
1163,12,497,5964,41.417,0.278,0.751,2.27,1657,4478,731,"negative"
3880,13,38,494,2.923,0.324,0.935,3.81,160,462,42,"negative"
5449,14,125,1750,8.929,0.289,0.734,2.21,505,1285,228,"negative"
3851,8,38,304,4.75,0.128,0.444,1.86,39,135,21,"negative"
4918,6,96,576,16,0.259,0.74,1.69,149,426,88,"negative"
2080,7,25,175,3.571,0.303,0.709,1.51,53,124,35,"negative"
4320,24,107,2568,4.458,0.908,0.982,16.91,2333,2523,138,"negative"
3577,9,534,4806,59.333,0.131,0.516,1.31,629,2482,479,"negative"
1047,9,84,756,9.333,0.407,0.878,2.75,308,664,112,"negative"
3408,7,6,42,0.857,0.357,1,1.67,15,42,9,"negative"
2779,11,40,440,3.636,0.27,0.618,1.8,119,272,66,"negative"
3529,30,60,1800,2,0.154,0.457,1.85,278,823,150,"positive"
4694,11,22,242,2,0.624,0.88,9.44,151,213,16,"negative"
4037,29,61,1769,2.103,0.121,0.431,1.78,214,762,120,"positive"
4642,12,20,240,1.667,0.525,0.854,9,126,205,14,"negative"
1552,6,13,78,2.167,0.295,0.897,1.64,23,70,14,"negative"
4096,1,74,74,74,0.189,1,1.08,14,74,13,"negative"
4734,10,398,3980,39.8,0.342,0.745,2.44,1361,2965,557,"negative"
4108,2,14,28,7,0.393,0.536,3.67,11,15,3,"negative"
2560,9,27,243,3,0.358,0.856,1.85,87,208,47,"negative"
1481,2,7,14,3.5,0.5,0.929,3.5,7,13,2,"negative"
86,1,8,8,8,1,1,8,8,8,1,"positive"
3086,10,18,180,1.8,0.294,0.883,1.96,53,159,27,"negative"
747,5,23,115,4.6,0.226,1,1.63,26,115,16,"negative"
3559,9,240,2160,26.667,0.179,0.605,1.26,386,1307,306,"negative"
2611,8,12,96,1.5,0.479,0.938,2.3,46,90,20,"negative"
4442,23,371,8533,16.13,0.941,1,16.83,8027,8533,477,"negative"
1801,5,7,35,1.4,0.457,1,2,16,35,8,"negative"
1525,6,50,300,8.333,0.213,0.577,1.31,64,173,49,"negative"
4877,84,1,84,0.012,1,1,84,84,84,1,"positive"
4544,9,83,747,9.222,0.333,0.742,2.93,249,554,85,"negative"
323,48,402,19296,8.375,0.055,0.094,4.13,1058,1814,256,"positive"
1203,12,67,804,5.583,0.35,0.693,2.84,281,557,99,"negative"
3417,10,25,250,2.5,0.332,0.772,1.89,83,193,44,"negative"
3446,25,185,4625,7.4,0.479,0.95,7.24,2214,4395,306,"negative"
19,5,5,25,1,0.4,0.56,5,10,14,2,"negative"
3317,5,16,80,3.2,0.563,0.925,2.65,45,74,17,"negative"
4331,14,367,5138,26.214,0.349,0.576,4.5,1791,2962,398,"negative"
1605,10,53,530,5.3,0.215,0.781,1.44,114,414,79,"negative"
3284,7,20,140,2.857,0.407,0.929,1.97,57,130,29,"negative"
217,9,22,198,2.444,0.298,0.965,2.11,59,191,28,"negative"
3934,1,65,65,65,0.2,1,1.08,13,65,12,"negative"
5084,7,2,14,0.286,0.643,0.714,9,9,10,1,"positive"
2296,8,398,3184,49.75,0.279,0.664,1.7,887,2113,521,"negative"
3540,7,63,441,9,0.288,0.991,1.61,127,437,79,"negative"
423,1,46,46,46,0.783,1,12,36,46,3,"positive"
514,9,82,738,9.111,0.408,0.924,2.39,301,682,126,"negative"
938,9,76,684,8.444,0.358,0.795,2.19,245,544,112,"negative"
4839,8,208,1664,26,0.194,0.491,1.65,323,817,196,"negative"
3551,8,123,984,15.375,0.402,0.75,2.71,396,738,146,"negative"
2423,8,14,112,1.75,0.455,1,1.96,51,112,26,"negative"
4806,17,22,374,1.294,0.425,0.765,4.68,159,286,34,"negative"
1268,8,132,1056,16.5,0.36,0.921,2.1,380,973,181,"negative"
2863,1,25,25,25,1,1,25,25,25,1,"negative"
7,6,4,24,0.667,0.417,0.708,2.5,10,17,4,"negative"
5318,1,106,106,106,0.434,1,1.02,46,106,45,"positive"
2201,9,107,963,11.889,0.217,0.842,1.34,209,811,156,"negative"
5288,10,263,2630,26.3,0.204,0.589,1.54,537,1550,348,"negative"
2943,4,10,40,2.5,0.5,0.9,4,20,36,5,"negative"
4484,10,19,190,1.9,0.584,0.816,6.94,111,155,16,"negative"
4453,10,19,190,1.9,0.611,0.9,8.29,116,171,14,"negative"
3075,8,8,64,1,0.469,0.844,2.73,30,54,11,"negative"
2709,11,61,671,5.545,0.294,0.735,2.21,197,493,89,"negative"
2732,9,24,216,2.667,0.352,0.722,2.17,76,156,35,"negative"
185,9,82,738,9.111,0.252,0.74,2,186,546,93,"negative"
311,93,4,372,0.043,0.419,0.565,2.89,156,210,54,"positive"
1263,11,23,253,2.091,0.415,0.858,3.5,105,217,30,"negative"
4256,14,385,5390,27.5,0.369,0.561,4.83,1990,3022,412,"negative"
2813,11,29,319,2.636,0.32,0.618,2.22,102,197,46,"negative"
3780,1,278,278,278,0.946,1,29.22,263,278,9,"positive"
5337,8,346,2768,43.25,0.166,0.66,1.35,459,1828,339,"negative"
2429,10,19,190,1.9,0.379,0.816,2.12,72,155,34,"negative"
3256,6,23,138,3.833,0.377,0.862,2.36,52,119,22,"negative"
2305,8,48,384,6,0.341,0.737,1.96,131,283,67,"negative"
220,1,45,45,45,0.756,1,5.67,34,45,6,"positive"
3522,9,283,2547,31.444,0.186,0.727,1.22,474,1852,389,"negative"
3279,9,42,378,4.667,0.325,0.823,1.71,123,311,72,"negative"
683,12,98,1176,8.167,0.245,0.624,2.23,288,734,129,"negative"
1363,11,271,2981,24.636,0.177,0.588,1.49,527,1752,353,"negative"
2546,6,31,186,5.167,0.5,1,1.94,93,186,48,"negative"
388,10,34,340,3.4,0.356,0.803,1.83,121,273,66,"negative"
221,1,75,75,75,0.813,1,5.55,61,75,11,"positive"
2162,7,17,119,2.429,0.361,0.782,1.65,43,93,26,"negative"
4059,8,148,1184,18.5,0.182,0.625,1.2,216,740,180,"negative"
863,10,38,380,3.8,0.397,0.887,2.7,151,337,56,"negative"
582,9,78,702,8.667,0.329,0.896,2.1,231,629,110,"negative"
1860,7,32,224,4.571,0.268,0.83,1.28,60,186,47,"negative"
1717,7,9,63,1.286,0.286,0.968,1.2,18,61,15,"negative"
2439,17,9,153,0.529,0.209,0.497,1.88,32,76,17,"positive"
92,11,20,220,1.818,0.168,0.75,3.36,37,165,11,"negative"
5062,5,128,640,25.6,0.759,0.764,162,486,489,3,"positive"
5455,9,45,405,5,0.306,0.6,1.68,124,243,74,"negative"
2503,10,36,360,3.6,0.367,0.844,2.24,132,304,59,"negative"
5206,12,117,1404,9.75,0.2,0.714,1.6,281,1002,176,"negative"
3048,10,51,510,5.1,0.337,0.773,2.12,172,394,81,"negative"
5153,6,12,72,2,0.319,1,1.53,23,72,15,"negative"
1922,7,11,77,1.571,0.312,0.844,1.33,24,65,18,"negative"
2319,7,34,238,4.857,0.462,0.941,2.34,110,224,47,"negative"
1323,8,67,536,8.375,0.392,0.724,2.31,210,388,91,"negative"
3401,7,8,56,1.143,0.411,0.714,2.3,23,40,10,"negative"
1247,9,108,972,12,0.364,0.794,2.15,354,772,165,"negative"
3823,9,105,945,11.667,0.334,0.869,2.19,316,821,144,"negative"
870,9,36,324,4,0.352,0.806,1.75,114,261,65,"negative"
5200,11,367,4037,33.364,0.221,0.77,1.64,891,3108,544,"negative"
4182,13,342,4446,26.308,0.231,0.548,2.15,1027,2437,477,"negative"
4017,9,61,549,6.778,0.213,0.683,1.6,117,375,73,"negative"
1150,12,176,2112,14.667,0.302,0.599,2.61,637,1265,244,"negative"
87,1,44,44,44,0.25,1,2.2,11,44,5,"positive"
128,14,185,2590,13.214,0.254,0.651,2.27,657,1687,289,"negative"
966,13,106,1378,8.154,0.306,0.688,2.37,422,948,178,"negative"
2044,7,34,238,4.857,0.298,0.937,1.31,71,223,54,"negative"
1390,10,272,2720,27.2,0.187,0.649,1.38,508,1765,368,"negative"
4343,9,18,162,2,0.66,0.883,7.13,107,143,15,"negative"
3156,8,11,88,1.375,0.477,0.966,2,42,85,21,"negative"
4537,27,267,7209,9.889,0.362,0.674,4.36,2610,4860,599,"negative"
1482,7,7,49,1,0.286,0.633,1.56,14,31,9,"negative"
2011,7,6,42,0.857,0.452,0.976,1.73,19,41,11,"negative"
1761,9,49,441,5.444,0.265,0.653,1.36,117,288,86,"negative"
965,11,1,11,0.091,1,1,11,11,11,1,"positive"
1611,5,17,85,3.4,0.4,0.965,1.31,34,82,26,"negative"
4243,13,441,5733,33.923,0.374,0.625,4.63,2144,3582,463,"negative"
4212,1,11,11,11,0.909,1,10,10,11,1,"positive"
2358,8,25,200,3.125,0.385,0.615,2.75,77,123,28,"negative"
3133,9,14,126,1.556,0.333,0.897,2.47,42,113,17,"negative"
2468,11,30,330,2.727,0.297,0.6,2.39,98,198,41,"negative"
5390,12,28,336,2.333,0.265,0.592,3.07,89,199,29,"negative"
4925,7,56,392,8,0.329,0.791,1.65,129,310,78,"negative"
4362,9,83,747,9.222,0.391,0.795,3.21,292,594,91,"negative"
490,11,9,99,0.818,0.465,0.768,3.83,46,76,12,"negative"
5300,7,178,1246,25.429,0.242,0.795,1.41,301,990,213,"negative"
4186,1,7,7,7,1,1,7,7,7,1,"negative"
2608,11,185,2035,16.818,0.295,0.826,1.94,600,1681,310,"negative"
635,8,71,568,8.875,0.329,0.776,1.83,187,441,102,"negative"
1530,9,16,144,1.778,0.222,0.479,1.33,32,69,24,"negative"
1988,10,31,310,3.1,0.197,0.652,1.3,61,202,47,"negative"
3395,8,46,368,5.75,0.356,0.957,1.79,131,352,73,"negative"
3908,9,535,4815,59.444,0.192,0.658,1.42,926,3167,654,"negative"
3869,10,510,5100,51,0.163,0.542,1.36,832,2763,612,"negative"
611,9,81,729,9,0.287,0.826,2.22,209,602,94,"negative"
3205,8,9,72,1.125,0.431,1,2.38,31,72,13,"negative"
1205,25,115,2875,4.6,0.296,0.65,2.56,851,1868,333,"negative"
1403,8,10,80,1.25,0.313,0.675,1.92,25,54,13,"negative"
1810,5,13,65,2.6,0.4,1,1.18,26,65,22,"negative"
1229,7,100,700,14.286,0.294,0.633,1.67,206,443,123,"negative"
2087,8,30,240,3.75,0.242,0.667,1.35,58,160,43,"negative"
65,9,64,576,7.111,0.299,0.97,1.81,172,559,95,"negative"
757,11,67,737,6.091,0.269,0.689,2.96,198,508,67,"negative"
203,19,2,38,0.105,0.816,0.816,31,31,31,1,"positive"
4460,14,183,2562,13.071,0.39,0.681,4.87,998,1745,205,"negative"
1572,7,54,378,7.714,0.267,0.619,1.42,101,234,71,"negative"
2205,9,16,144,1.778,0.208,0.715,1.5,30,103,20,"negative"
